{"cameraMode":{"drawMode":0,"name":"Shaded","section":"Shading Mode"},"sceneLighting":true,"audioPlay":false,"sceneViewState":{"m_AlwaysRefresh":false,"showFog":true,"showSkybox":true,"showFlares":true,"showImageEffects":true,"showParticleSystems":true,"showVisualEffectGraphs":true,"m_FxEnabled":true},"in2DMode":false,"pivot":{"x":13.144577026367188,"y":-114.88905334472656,"z":-139.6594696044922},"rotation":{"x":0.009793237783014775,"y":0.9398806691169739,"z":-0.34066757559776308,"w":0.0288782250136137},"size":95.31349182128906,"orthographic":false}