{"cameraMode":{"drawMode":0,"name":"Shaded","section":"Shading Mode"},"sceneLighting":true,"audioPlay":false,"sceneViewState":{"m_AlwaysRefresh":false,"showFog":true,"showSkybox":true,"showFlares":true,"showImageEffects":true,"showParticleSystems":true,"showVisualEffectGraphs":true,"m_FxEnabled":true},"in2DMode":false,"pivot":{"x":-17.61734390258789,"y":1.8977222442626954,"z":-8.513103485107422},"rotation":{"x":0.03761044144630432,"y":0.10025568306446076,"z":-0.003791389288380742,"w":0.9942472577095032},"size":1.7468750476837159,"orthographic":false}