{"cameraMode":{"drawMode":0,"name":"Shaded","section":"Shading Mode"},"sceneLighting":true,"audioPlay":false,"sceneViewState":{"m_AlwaysRefresh":false,"showFog":true,"showSkybox":true,"showFlares":true,"showImageEffects":true,"showParticleSystems":true,"showVisualEffectGraphs":true,"m_FxEnabled":true},"in2DMode":false,"pivot":{"x":-7.153059959411621,"y":1.1081721782684327,"z":-13.191149711608887},"rotation":{"x":0.08020525425672531,"y":0.5067684054374695,"z":-0.047421976923942569,"w":0.857039749622345},"size":2.9698517322540285,"orthographic":false}