{"cameraMode":{"drawMode":0,"name":"Shaded","section":"Shading Mode"},"sceneLighting":true,"audioPlay":false,"sceneViewState":{"m_AlwaysRefresh":false,"showFog":true,"showSkybox":true,"showFlares":true,"showImageEffects":true,"showParticleSystems":true,"showVisualEffectGraphs":true,"m_FxEnabled":true},"in2DMode":false,"pivot":{"x":-0.30215319991111758,"y":3.602137327194214,"z":29.346275329589845},"rotation":{"x":0.04015515744686127,"y":0.03475005924701691,"z":0.0013912281719967723,"w":-0.9985983371734619},"size":34.8145751953125,"orthographic":false}