{"cameraMode":{"drawMode":0,"name":"Shaded","section":"Shading Mode"},"sceneLighting":true,"audioPlay":false,"sceneViewState":{"m_AlwaysRefresh":false,"showFog":true,"showSkybox":true,"showFlares":true,"showImageEffects":true,"showParticleSystems":true,"showVisualEffectGraphs":true,"m_FxEnabled":true},"in2DMode":false,"pivot":{"x":4.846797466278076,"y":0.017961658537387849,"z":-7.228092193603516},"rotation":{"x":-0.053010959178209308,"y":-0.6775603294372559,"z":0.049104854464530948,"w":-0.7320927977561951},"size":5.259146690368652,"orthographic":false}