{"cameraMode":{"drawMode":0,"name":"Shaded","section":"Shading Mode"},"sceneLighting":true,"audioPlay":false,"sceneViewState":{"m_AlwaysRefresh":false,"showFog":true,"showSkybox":true,"showFlares":true,"showImageEffects":true,"showParticleSystems":true,"showVisualEffectGraphs":true,"m_FxEnabled":true},"in2DMode":false,"pivot":{"x":7.807823181152344,"y":-8.735896110534668,"z":29.580150604248048},"rotation":{"x":0.10843632370233536,"y":0.27062395215034487,"z":-0.030284959822893144,"w":0.9562076926231384},"size":26.545841217041017,"orthographic":false}